gene,module,module_cons
Hist1h1b,49,immat_1
Pclaf,47,immat_1
Hist1h4d,47,immat_1
Hist1h2ap,47,immat_1
Hist1h3e,47,immat_1
Hist1h2ae,47,immat_1
Hist1h1e,47,immat_1
Atad2,12,immat_1
Rfc2,12,immat_1
Dnmt1,12,immat_1
Tipin,12,immat_1
Rfc4,12,immat_1
Gins2,12,immat_1
Tfdp1,12,immat_1
Dhfr,12,immat_1
Hells,12,immat_1
Mcm3,12,immat_1
Rfc3,12,immat_1
Mcm7,12,immat_1
Orc6,12,immat_1
Hat1,12,immat_1
Mcm4,12,immat_1
Ccne2,12,immat_1
Slbp,12,immat_1
Mcm6,12,immat_1
Siva1,12,immat_1
Hist1h3c,43,immat_1
Hist1h4h,43,immat_1
Hist2h2ac,43,immat_1
Hist1h1a,43,immat_1
Hist1h2bn,43,immat_1
Hist1h2ak,43,immat_1
Hist1h2an,43,immat_1
Hist1h4c,43,immat_1
Hist2h2bb,43,immat_1
Hist1h3f,43,immat_1
Hist1h2bb,43,immat_1
Hist1h1d,43,immat_1
Hist1h2bm,43,immat_1
Hist1h3i,43,immat_1
Hist1h2bj,43,immat_1
Hist1h2af,43,immat_1
Hist1h2ab,43,immat_1
Lig1,43,immat_1
Tyms,43,immat_1
Tk1,43,immat_1
Oxct1,7,immat_2
Psat1,7,immat_2
Stk17b,7,immat_2
Cspp1,7,immat_2
Foxg1,7,immat_2
Srek1,7,immat_2
Rbm26,7,immat_2
Dhx36,7,immat_2
Crebbp,7,immat_2
Ttc3,7,immat_2
Prrx1,7,immat_2
Rsf1,7,immat_2
Rbl1,7,immat_2
Haspin,7,immat_2
Dleu2,7,immat_2
Iqgap3,7,immat_2
Cep192,7,immat_2
Pkn2,7,immat_2
Phip,7,immat_2
Tial1,7,immat_2
Tia1,7,immat_2
Psmg2,7,immat_2
Fam216a,7,immat_2
Gpsm2,7,immat_2
Prr11,7,immat_2
Odf2,7,immat_2
Troap,7,immat_2
Spag5,7,immat_2
4930503L19Rik,7,immat_2
Arhgap19,7,immat_2
Lnpk,7,immat_2
Gtse1,7,immat_2
Hyls1,7,immat_2
Eri2,7,immat_2
Kif18b,7,immat_2
Mtfr2,7,immat_2
Pif1,7,immat_2
Kif14,7,immat_2
Ankle1,7,immat_2
Srpk2,7,immat_2
Pex13,7,immat_2
Pdhb,7,immat_2
Hspa4l,7,immat_2
Ccdc18,7,immat_2
Stox2,7,immat_2
Cdc23,7,immat_2
Uhrf2,7,immat_2
Arhgap21,7,immat_2
Rdh11,7,immat_2
Etv5,7,immat_2
Wnk1,7,immat_2
Spop,7,immat_2
Ndc1,7,immat_2
Dync1h1,7,immat_2
Cul3,7,immat_2
Bptf,7,immat_2
Prrc2a,7,immat_2
Ahi1,7,immat_2
1700021F05Rik,7,immat_2
Ppp1r2,7,immat_2
Ppp1r35,7,immat_2
Tmem237,7,immat_2
Smu1,7,immat_2
Brd9,7,immat_2
Thoc2,7,immat_2
Fkbp2,7,immat_2
Cnep1r1,7,immat_2
Tmem138,7,immat_2
Rnf26,7,immat_2
Rdm1,7,immat_2
Mzt1,7,immat_2
Cip2a,7,immat_2
Vbp1,7,immat_2
Emp1,7,immat_2
Cby1,7,immat_2
Fopnl,7,immat_2
Nup35,7,immat_2
Nup37,7,immat_2
Ccdc61,7,immat_2
Zbed3,7,immat_2
Paip2b,7,immat_2
Ss18,7,immat_2
Pak4,7,immat_2
Cyp39a1,7,immat_2
Ttc9c,7,immat_2
Cdc27,7,immat_2
Katnbl1,7,immat_2
Ppp2r5e,7,immat_2
Cdc25b,7,immat_2
Tnfaip8l1,7,immat_2
Arhgef39,7,immat_2
Ccdc77,7,immat_2
Miip,7,immat_2
Triobp,7,immat_2
Cep89,7,immat_2
Cep70,7,immat_2
Tax1bp1,7,immat_2
Ptms,7,immat_2
Gpx7,7,immat_2
Arl2bp,7,immat_2
Rangrf,7,immat_2
Gipc1,7,immat_2
Prpsap1,7,immat_2
Ehd1,7,immat_2
Rnf5,7,immat_2
Ndufaf3,7,immat_2
Ppp2r5c,7,immat_2
Sept7,7,immat_2
Srsf5,7,immat_2
Arl6ip1,31,immat_2
Knstrn,31,immat_2
Cdkn3,31,immat_2
Dynll1,31,immat_2
Tuba1c,31,immat_2
Tubb4b,31,immat_2
Ubald2,31,immat_2
Rad21,31,immat_2
Kif22,31,immat_2
Rangap1,31,immat_2
Tacc3,31,immat_2
Ccnb2,31,immat_2
Aspm,31,immat_2
Pimreg,31,immat_2
Cdc20,31,immat_2
Ckap2,31,immat_2
Sapcd2,9,immat_2
Nek2,9,immat_2
Cep55,9,immat_2
Bora,9,immat_2
Kifc1,9,immat_2
Cenpc1,9,immat_2
Terf1,9,immat_2
Fam110a,9,immat_2
Cdca2,9,immat_2
Anln,9,immat_2
Ccnf,9,immat_2
Fam83d,9,immat_2
Fzr1,9,immat_2
Sap30,9,immat_2
Ing1,9,immat_2
Wapl,9,immat_2
Cdk5rap2,9,immat_2
Cep295,9,immat_2
Lbr,9,immat_2
Tnfaip6,9,immat_2
Wee1,9,immat_2
Lcorl,9,immat_2
Cit,9,immat_2
Cenpl,9,immat_2
Spdl1,9,immat_2
Ska3,9,immat_2
Ncapg,9,immat_2
Ttk,9,immat_2
Ckap5,9,immat_2
Gas2l3,9,immat_2
Nde1,9,immat_2
Hp1bp3,9,immat_2
Cdc25c,9,immat_2
E2f5,9,immat_2
Akirin2,9,immat_2
Psrc1,9,immat_2
Dlgap5,9,immat_2
Kif20a,9,immat_2
Ect2,9,immat_2
Kif2c,9,immat_2
Arhgap11a,9,immat_2
Depdc1a,9,immat_2
Bub1b,9,immat_2
Brd8,9,immat_2
G2e3,9,immat_2
Kif20b,9,immat_2
Hjurp,9,immat_2
Kpna2,9,immat_2
Aurka,9,immat_2
Sgo2a,9,immat_2
Mis18bp1,9,immat_2
Cdkn2c,9,immat_2
Dbf4,9,immat_2
Kif23,9,immat_2
Trim59,9,immat_2
Nuf2,9,immat_2
Kif18a,9,immat_2
Mad2l1,9,immat_2
Shcbp1,9,immat_2
Ccar1,9,immat_2
D030056L22Rik,9,immat_2
Mns1,9,immat_2
Ncapd2,9,immat_2
Cenpp,9,immat_2
Cdkn2d,9,immat_2
Ube2t,9,immat_2
Ncaph,9,immat_2
Mxd3,9,immat_2
Melk,9,immat_2
Ndc80,9,immat_2
Kif15,9,immat_2
Ska1,9,immat_2
Bub1,9,immat_2
Kif4,9,immat_2
Ccnb1,30,immat_2
Tpx2,30,immat_2
Cdca3,30,immat_2
Lockd,30,immat_2
Racgap1,30,immat_2
Hmmr,30,immat_2
Cenpe,30,immat_2
Plk1,30,immat_2
Spc25,30,immat_2
Knl1,30,immat_2
Kif11,30,immat_2
Ckap2l,30,immat_2
Ccna2,30,immat_2
Calm2,30,immat_2
Birc5,30,immat_2
Mki67,30,immat_2
Smc4,30,immat_2
Smc2,30,immat_2
H1fx,30,immat_2
Nucks1,30,immat_2
Ccdc34,30,immat_2
Jpt1,30,immat_2
Lmnb1,30,immat_2
Ube2s,30,immat_2
Pbk,30,immat_2
Ube2c,38,immat_2
Top2a,38,immat_2
Cdk1,38,immat_2
Nusap1,38,immat_2
Prc1,38,immat_2
Cenpa,33,immat_2
Cdca8,33,immat_2
H2afx,33,immat_2
Cenpf,33,immat_2
Cks2,33,immat_2
Atp5k,2,immat_3
Atp5l,2,immat_3
Atp5mpl,2,immat_3
Ndufc1,2,immat_3
Ndufa4,2,immat_3
Rpf2,2,immat_3
2810004N23Rik,2,immat_3
Nip7,2,immat_3
Mrpl11,2,immat_3
Grpel1,2,immat_3
Naa38,2,immat_3
Smim11,2,immat_3
Bola3,2,immat_3
Txndc17,2,immat_3
Cox7b,2,immat_3
Ndufb6,2,immat_3
Psmb5,2,immat_3
Atp5c1,2,immat_3
Ndufb8,2,immat_3
Cox7c,2,immat_3
Psmb2,2,immat_3
Micos10,2,immat_3
Mrpl17,2,immat_3
Rbis,2,immat_3
Polr1d,2,immat_3
Metrn,2,immat_3
Ndufb5,2,immat_3
Akr1a1,2,immat_3
Tomm7,2,immat_3
Timm13,2,immat_3
Tomm6,2,immat_3
Inka2,2,immat_3
Zfp36,2,immat_3
Traf4,2,immat_3
Klhl23,2,immat_3
Rcn1,2,immat_3
Eloc,2,immat_3
Tmem14c,2,immat_3
Pdia6,2,immat_3
Pfdn1,2,immat_3
D8Ertd738e,2,immat_3
Psmb1,2,immat_3
Psma4,2,immat_3
Mrpl30,2,immat_3
Slirp,2,immat_3
Psmd4,2,immat_3
Vdac1,2,immat_3
Tcea1,2,immat_3
Bcas2,2,immat_3
Csnk2b,2,immat_3
Atp5g3,2,immat_3
Ssr4,2,immat_3
Tomm22,2,immat_3
Ube2l3,2,immat_3
Psmb4,2,immat_3
Rbx1,2,immat_3
Rex1bd,2,immat_3
Cetn2,2,immat_3
Fkbp4,2,immat_3
Timm23,2,immat_3
Pcbp1,2,immat_3
Wdr83os,2,immat_3
Stmn3,2,immat_3
Mcrip1,2,immat_3
Psmd11,2,immat_3
Map2k2,2,immat_3
Psmd12,2,immat_3
Ndufa10,2,immat_3
Polr2i,2,immat_3
Psmd8,2,immat_3
Psma6,2,immat_3
Csnk1a1,2,immat_3
Map4k4,2,immat_3
Prrc2c,2,immat_3
Puf60,2,immat_3
Zfp428,2,immat_3
Ap2m1,2,immat_3
Arpc2,2,immat_3
Srp9,2,immat_3
Morf4l1,2,immat_3
Ube2d2a,2,immat_3
Ywhab,2,immat_3
St13,2,immat_3
Ube2d3,2,immat_3
Sh3bgrl,2,immat_3
Mrps6,2,immat_3
Psmd7,2,immat_3
Tbcb,2,immat_3
Srp19,2,immat_3
Nfix,2,immat_3
Rala,2,immat_3
Emc8,2,immat_3
Serf1,2,immat_3
Sptssa,2,immat_3
Pak2,2,immat_3
Tceal8,2,immat_3
Smap1,2,immat_3
Vcp,2,immat_3
Fdps,2,immat_3
Vps37b,2,immat_3
Fam3c,2,immat_3
Sept11,2,immat_3
Azin1,2,immat_3
1110065P20Rik,2,immat_3
Ctxn1,2,immat_3
Rap2b,2,immat_3
Trib2,2,immat_3
Btg2,2,immat_3
H2-Ke6,2,immat_3
Eif5b,2,immat_3
Dpysl3,2,immat_3
Sall3,2,immat_3
Gnai2,2,immat_3
Gnas,2,immat_3
Ptov1,2,immat_3
Ywhaz,2,immat_3
Rhoa,2,immat_3
Arf4,2,immat_3
Calm3,2,immat_3
Ubb,2,immat_3
Fam181b,2,immat_3
Snrnp27,2,immat_3
Gdi2,2,immat_3
Vapa,2,immat_3
Pgam1,2,immat_3
Zranb2,2,immat_3
Taldo1,2,immat_3
Etfa,2,immat_3
Ssr2,2,immat_3
Emc6,2,immat_3
Ap2s1,2,immat_3
Ndufs6,2,immat_3
Ndufs8,2,immat_3
Smarcb1,2,immat_3
Tmed9,2,immat_3
Snx3,2,immat_3
Ppp2ca,2,immat_3
Cwc15,2,immat_3
Cox7a2l,2,immat_3
Srp14,2,immat_3
Sri,2,immat_3
Drap1,2,immat_3
Ndufb11,2,immat_3
Psma2,2,immat_3
Polr2k,2,immat_3
Sh3glb1,2,immat_3
Gnb1,2,immat_3
Cuedc2,2,immat_3
Anapc13,2,immat_3
Tle5,2,immat_3
Ostc,2,immat_3
Zfp706,2,immat_3
Clta,2,immat_3
Ier3ip1,2,immat_3
Ubxn1,2,immat_3
Arpc3,2,immat_3
Esd,2,immat_3
Timm10b,2,immat_3
Ube2r2,2,immat_3
Sub1,2,immat_3
Arpc4,2,immat_3
Abhd17a,2,immat_3
Atp5d,2,immat_3
Capzb,2,immat_3
Sin3b,2,immat_3
Mrps24,2,immat_3
Psmd6,2,immat_3
Cox20,2,immat_3
Psmc5,2,immat_3
Nars,2,immat_3
Brk1,2,immat_3
Ube2v1,2,immat_3
Dnaja2,2,immat_3
Eif3j1,2,immat_3
Rac1,2,immat_3
Dpm3,2,immat_3
Timm8b,2,immat_3
Adh5,2,immat_3
Park7,2,immat_3
Ndufa2,2,immat_3
Cox16,2,immat_3
Uqcrh,2,immat_3
Cox6b1,2,immat_3
Sf3b6,2,immat_3
Uqcrb,2,immat_3
Ubl5,2,immat_3
Mrps33,2,immat_3
Romo1,2,immat_3
Gng5,2,immat_3
Grcc10,2,immat_3
Pfdn5,2,immat_3
Myl6,2,immat_3
Scand1,2,immat_3
Cops6,2,immat_3
Higd1a,2,immat_3
Erp29,2,immat_3
1810037I17Rik,2,immat_3
Mtch1,2,immat_3
Cirbp,2,immat_3
Idh3a,2,immat_3
Gkap1,2,immat_3
Fam104a,2,immat_3
Bax,2,immat_3
Rrp1,2,immat_3
Hes5,2,immat_3
Eid1,2,immat_3
Sh3bgrl3,2,immat_3
Sfxn1,2,immat_3
Rhoc,2,immat_3
Mfap2,2,immat_3
Snx5,25,immat_3
Cux1,25,immat_3
B230219D22Rik,25,immat_3
Rhobtb3,25,immat_3
Pitpnb,25,immat_3
Srpk1,25,immat_3
Camta1,25,immat_3
Mrpl32,25,immat_3
Creld2,25,immat_3
Eif4g1,25,immat_3
Gna11,25,immat_3
Nfyb,25,immat_3
Tsen15,25,immat_3
Ppie,25,immat_3
Prelid3b,25,immat_3
Hdgfl3,25,immat_3
Gnl1,25,immat_3
Nudt5,25,immat_3
Dcakd,25,immat_3
Cenpu,25,immat_3
Gins4,25,immat_3
Gins1,25,immat_3
Rbbp8,25,immat_3
Haus8,25,immat_3
Eri1,25,immat_3
Rnaseh2a,25,immat_3
Rbmx2,25,immat_3
Nup43,25,immat_3
Slc29a1,25,immat_3
Ccn1,25,immat_3
Pola1,25,immat_3
Fignl1,25,immat_3
Ccdc25,25,immat_3
Nelfe,25,immat_3
Zfp24,25,immat_3
Arpc5l,25,immat_3
Ola1,25,immat_3
Hdlbp,25,immat_3
Limd2,25,immat_3
Gmps,25,immat_3
H2afy2,25,immat_3
Cinp,25,immat_3
Ppil1,25,immat_3
Parp1,25,immat_3
Gars,25,immat_3
Cdca7,25,immat_3
Bok,25,immat_3
Ebna1bp2,25,immat_3
Gnl3,25,immat_3
Nolc1,25,immat_3
Gtf3a,25,immat_3
Txnrd1,25,immat_3
Hypk,25,immat_3
Fundc2,25,immat_3
Magohb,25,immat_3
Ifitm3,25,immat_3
Wdr18,25,immat_3
Lrrc59,25,immat_3
Nubp1,25,immat_3
Wdr43,25,immat_3
Eif3b,25,immat_3
Naa20,25,immat_3
Trp53,25,immat_3
Arpc1b,25,immat_3
Umps,25,immat_3
Casp3,25,immat_3
Rnf168,25,immat_3
Smyd2,25,immat_3
Cdk6,25,immat_3
Eif6,25,immat_3
Hmbs,25,immat_3
Spry1,25,immat_3
2310039H08Rik,25,immat_3
Tagln,25,immat_3
Nptx2,25,immat_3
Trim27,25,immat_3
Mif,25,immat_3
Ddx5,25,immat_3
Ndufc2,25,immat_3
Ckb,25,immat_3
Gng10,25,immat_3
Timm10,25,immat_3
Tomm5,25,immat_3
Mrpl36,25,immat_3
Ppid,25,immat_3
Ppp1r11,25,immat_3
Zeb1,25,immat_3
Mrpl3,25,immat_3
Kxd1,25,immat_3
9130401M01Rik,25,immat_3
Ccdc85b,25,immat_3
Snhg3,25,immat_3
Thyn1,25,immat_3
Snhg4,25,immat_3
Zmynd19,25,immat_3
Ppat,25,immat_3
Cdc6,25,immat_3
Cdt1,25,immat_3
Pole2,25,immat_3
Eif4ebp1,25,immat_3
Nme4,25,immat_3
Rasl11a,25,immat_3
D10Wsu102e,25,immat_3
Klf10,25,immat_3
Lmo1,25,immat_3
Cisd1,25,immat_3
Ndufa5,25,immat_3
S100a10,25,immat_3
Lgals1,25,immat_3
Rpa1,25,immat_3
Pole,25,immat_3
Pkmyt1,25,immat_3
Dck,25,immat_3
Gps2,25,immat_3
Mlf1,25,immat_3
Rif1,25,immat_3
Sass6,25,immat_3
Sp3,25,immat_3
Blvrb,25,immat_3
Usp37,25,immat_3
Mcmbp,25,immat_3
Brca2,25,immat_3
Hist1h4k,25,immat_3
Hist1h3a,25,immat_3
Hist1h2ai,25,immat_3
Hist1h3g,25,immat_3
Hist1h4a,25,immat_3
Hist1h2bf,25,immat_3
Hist1h2ac,25,immat_3
Hist1h2br,25,immat_3
Hist1h2bg,25,immat_3
Fndc4,25,immat_3
Atp2b1,25,immat_3
Myg1,25,immat_3
Fxn,25,immat_3
Alad,25,immat_3
Cmc1,25,immat_3
Tubgcp2,25,immat_3
Timeless,25,immat_3
Sdf2l1,25,immat_3
E2f1,25,immat_3
Aunip,25,immat_3
Atad5,25,immat_3
Wdr76,25,immat_3
Pold1,25,immat_3
B930036N10Rik,25,immat_3
Dna2,25,immat_3
Mybl2,25,immat_3
E2f7,25,immat_3
Bard1,25,immat_3
Mcm10,25,immat_3
Brip1,25,immat_3
Ubr7,25,immat_3
Kpna3,25,immat_3
1500011B03Rik,25,immat_3
Aprt,25,immat_3
Timm8a1,25,immat_3
Hspa8,25,immat_3
Pkm,25,immat_3
Galk1,25,immat_3
Mrps34,25,immat_3
Ung,25,immat_3
Mettl1,25,immat_3
Snhg9,25,immat_3
Arl6ip6,25,immat_3
Tomm20,25,immat_3
Fam111a,25,immat_3
Ccne1,25,immat_3
Brca1,25,immat_3
Pold3,25,immat_3
Mms22l,25,immat_3
Cdc45,25,immat_3
Chaf1b,25,immat_3
Slfn9,25,immat_3
Dscc1,25,immat_3
Shmt1,25,immat_3
Chaf1a,25,immat_3
Pola2,25,immat_3
Mthfd2,25,immat_3
Plvap,25,immat_3
Rexo2,25,immat_3
Igfbp3,25,immat_3
Egr3,25,immat_3
Exosc7,25,immat_3
Camk2n2,25,immat_3
Cops3,25,immat_3
Mad2l2,25,immat_3
Gsr,25,immat_3
Mrpl40,25,immat_3
Samd1,25,immat_3
Dtl,25,immat_3
Mcm2,25,immat_3
Rfc1,15,immat_3
Manf,15,immat_3
Mrpl14,15,immat_3
Meaf6,15,immat_3
Gjc1,15,immat_3
Nsg1,15,immat_3
Haus4,15,immat_3
Nmral1,15,immat_3
Csrp2,15,immat_3
Pold2,15,immat_3
Pole4,15,immat_3
Mcm5,15,immat_3
Clspn,15,immat_3
Rpa2,15,immat_3
Prim1,15,immat_3
Tcf19,15,immat_3
Nrm,15,immat_3
Bex1,15,immat_3
Rad51,15,immat_3
Uhrf1,15,immat_3
Cenps,15,immat_3
Psmc3ip,15,immat_3
Fen1,15,immat_3
Hist2h2aa1,15,immat_3
Hist1h2be,15,immat_3
Hist1h3b,15,immat_3
Rad51ap1,15,immat_3
Asf1b,15,immat_3
E2f8,15,immat_3
Cdca5,15,immat_3
Prim2,15,immat_3
Rad18,15,immat_3
Nup85,15,immat_3
Donson,15,immat_3
Hist1h1c,15,immat_3
AC160336.1,15,immat_3
Lsm8,15,immat_3
Smc6,15,immat_3
Nsmce4a,15,immat_3
Rbbp7,15,immat_3
Hirip3,15,immat_3
Cenpk,15,immat_3
Ncapd3,15,immat_3
Rfc5,15,immat_3
Smchd1,15,immat_3
Nxt1,15,immat_3
Smarcc1,15,immat_3
Cenph,15,immat_3
Topbp1,15,immat_3
Ncapg2,15,immat_3
Rpa3,15,immat_3
Ppm1g,15,immat_3
Uba2,15,immat_3
Ifrd1,15,immat_3
Eif4a3,15,immat_3
Smc3,15,immat_3
Kras,15,immat_3
Fxyd6,15,immat_3
Ppig,15,immat_3
Gm47283,15,immat_3
Snrnp40,15,immat_3
Eif1ad,15,immat_3
Pole3,15,immat_3
Rnaseh2b,15,immat_3
Syce2,15,immat_3
Vrk1,15,immat_3
Anapc5,15,immat_3
Nsmce2,15,immat_3
Thrap3,15,immat_3
Larp7,15,immat_3
Matr3,15,immat_3
Taf1d,15,immat_3
Srsf1,15,immat_3
Taf15,15,immat_3
Kpnb1,15,immat_3
Trim28,15,immat_3
Nt5dc2,15,immat_3
Tex30,15,immat_3
Scaf11,15,immat_3
Uchl5,15,immat_3
Haus1,15,immat_3
Itgb3bp,15,immat_3
Srrt,15,immat_3
Suz12,15,immat_3
Mis18a,15,immat_3
Gemin6,15,immat_3
Emd,15,immat_3
Tubg1,15,immat_3
Ipo5,15,immat_3
Aarsd1,15,immat_3
Hspa14,15,immat_3
Wbp11,15,immat_3
Plk4,15,immat_3
Neil3,15,immat_3
Rhno1,15,immat_3
Cep57,15,immat_3
Trip13,15,immat_3
Stag1,15,immat_3
Pbrm1,15,immat_3
Utp3,15,immat_3
Kif2a,15,immat_3
Rcc1,15,immat_3
Cntln,15,immat_3
Stag2,15,immat_3
Klf6,15,immat_3
Tubb2a,15,immat_3
Tsg101,1,immat_3
Rad23a,1,immat_3
Fam120a,1,immat_3
Ppa2,1,immat_3
Mpnd,1,immat_3
Upf3a,1,immat_3
Trappc1,1,immat_3
Zwint,1,immat_3
Csnk2a2,1,immat_3
Rtf1,1,immat_3
Mphosph8,1,immat_3
Zcchc17,1,immat_3
Brd7,1,immat_3
Bnip2,1,immat_3
Papola,1,immat_3
Mesd,1,immat_3
Ddx6,1,immat_3
Ube2j2,1,immat_3
Eml4,1,immat_3
Trim37,1,immat_3
Upf3b,1,immat_3
Ppp2r2d,1,immat_3
Tcerg1,1,immat_3
Hnrnpul1,1,immat_3
Ilf3,1,immat_3
Cdk11b,1,immat_3
Vezf1,1,immat_3
Chtop,1,immat_3
Stx12,1,immat_3
Ankrd11,1,immat_3
Kdm1a,1,immat_3
Rock1,1,immat_3
Klf13,1,immat_3
Fyttd1,1,immat_3
Etv1,1,immat_3
Cacng4,1,immat_3
Golm1,1,immat_3
Tmem263,1,immat_3
Rcbtb2,1,immat_3
Bcl10,1,immat_3
2610507B11Rik,1,immat_3
Pcif1,1,immat_3
Calu,1,immat_3
Safb,1,immat_3
Med9,1,immat_3
Hectd2,1,immat_3
Tgs1,1,immat_3
Smarcd1,1,immat_3
Cnot6,1,immat_3
Myh10,1,immat_3
Rock2,1,immat_3
Hmgxb4,1,immat_3
Med4,1,immat_3
Dnajc8,1,immat_3
Slc38a2,1,immat_3
Msl3,1,immat_3
Clic4,1,immat_3
Atrx,1,immat_3
Pcmt1,1,immat_3
Capza1,1,immat_3
Zc3h14,1,immat_3
Cnot3,1,immat_3
Sod1,1,immat_3
Pnn,1,immat_3
Ddx46,1,immat_3
Gpbp1,1,immat_3
Id1,1,immat_3
Trir,1,immat_3
Chd4,1,immat_3
Bclaf1,1,immat_3
Pspc1,1,immat_3
Tdrkh,1,immat_3
Bcl2l12,1,immat_3
Lsm1,1,immat_3
Cfap20,1,immat_3
Yy1,1,immat_3
Phc2,1,immat_3
Mrps35,1,immat_3
Dda1,1,immat_3
Hdgfl2,1,immat_3
Med19,1,immat_3
Osgep,1,immat_3
Mrps17,1,immat_3
Nab2,1,immat_3
Cnih4,1,immat_3
Rheb,1,immat_3
Smndc1,1,immat_3
Med10,1,immat_3
Wbp4,1,immat_3
Abi2,1,immat_3
2310009B15Rik,1,immat_3
Sh3gl1,1,immat_3
Glod4,1,immat_3
Sar1a,1,immat_3
Taf11,1,immat_3
Arpc5,1,immat_3
Lhfp,1,immat_3
Ube2k,1,immat_3
Psmd13,1,immat_3
Dnlz,1,immat_3
Ythdf2,1,immat_3
Kctd17,1,immat_3
Nol11,1,immat_3
Htatsf1,1,immat_3
Tmem234,1,immat_3
Akt1,1,immat_3
Cyb5r3,1,immat_3
Ubtf,1,immat_3
Pabpn1,1,immat_3
Cse1l,1,immat_3
Rtkn2,1,immat_3
Ska2,1,immat_3
Zwilch,1,immat_3
Efcab11,1,immat_3
Cenpn,1,immat_3
Tdp1,1,immat_3
Scoc,1,immat_3
Xpo1,1,immat_3
Eldr,1,immat_3
Cenpi,1,immat_3
Mastl,1,immat_3
Foxm1,1,immat_3
Fam204a,1,immat_3
2810006K23Rik,1,immat_3
Rbmx,1,immat_3
Sephs1,1,immat_3
Sept10,1,immat_3
Hnrnph1,1,immat_3
Ncaph2,1,immat_3
Pih1d1,1,immat_3
Sltm,1,immat_3
Tubb6,1,immat_3
Mrpl51,1,immat_3
Hnrnpul2,1,immat_3
Srrm2,1,immat_3
Tiprl,1,immat_3
Magt1,1,immat_3
Dnajc7,1,immat_3
Armc1,1,immat_3
Gnai3,1,immat_3
Ergic2,1,immat_3
Fmr1,1,immat_3
1500009L16Rik,1,immat_3
Ccdc47,1,immat_3
Atf4,1,immat_3
Tmem97,1,immat_3
Psmc1,1,immat_3
Med21,1,immat_3
Tmed1,1,immat_3
Akr1b3,1,immat_3
Ythdc1,1,immat_3
Nsfl1c,1,immat_3
Got1,1,immat_3
Mcrs1,1,immat_3
Gtf3c6,1,immat_3
Tfg,1,immat_3
Snrnp25,1,immat_3
Tmem183a,1,immat_3
Prpf38a,1,immat_3
2410004B18Rik,1,immat_3
Dynll2,1,immat_3
Sugt1,1,immat_3
Esf1,1,immat_3
Bud31,1,immat_3
Bccip,1,immat_3
Rtcb,1,immat_3
Sdhd,1,immat_3
Zmat2,1,immat_3
Mrpl35,1,immat_3
Psmb7,1,immat_3
Rps27rt,1,immat_3
Nop56,1,immat_3
Sf3a3,1,immat_3
Ppp1r7,1,immat_3
Oard1,1,immat_3
Hikeshi,1,immat_3
Mrps25,1,immat_3
Polr2c,1,immat_3
Fxr1,1,immat_3
Prpf19,1,immat_3
Cox5a,1,immat_3
Cox7a2,1,immat_3
Atp5b,1,immat_3
Atp5a1,1,immat_3
Snrpa,1,immat_3
Txnl4a,1,immat_3
Psmc2,1,immat_3
Rsl24d1,1,immat_3
Mrpl2,1,immat_3
Cebpz,1,immat_3
3110082J24Rik,1,immat_3
Mrpl54,1,immat_3
Mrps15,1,immat_3
Eef1e1,1,immat_3
Mrpl21,1,immat_3
Mrpl23,1,immat_3
Mrpl15,1,immat_3
Znrd2,1,immat_3
Bola1,1,immat_3
Eif3g,1,immat_3
Eif3d,1,immat_3
Gfer,1,immat_3
Elof1,1,immat_3
Ppp4c,1,immat_3
Stip1,1,immat_3
Pfdn6,1,immat_3
Txndc12,1,immat_3
Hspa9,1,immat_3
Carnmt1,1,immat_3
Fnbp1l,1,immat_3
Cdc5l,1,immat_3
Ssbp1,1,immat_3
Yaf2,1,immat_3
Mak16,1,immat_3
Polr3k,1,immat_3
Cdc37,1,immat_3
Zfp664,1,immat_3
Ilkap,1,immat_3
Gtf2e2,1,immat_3
Itpa,1,immat_3
Utp11,1,immat_3
Pfdn2,1,immat_3
Gtpbp4,1,immat_3
Anapc15,1,immat_3
Dcps,1,immat_3
Sumo3,1,immat_3
Mtap,1,immat_3
Tsfm,1,immat_3
Sf3b4,1,immat_3
Dnttip2,1,immat_3
Smn1,1,immat_3
Pfdn4,1,immat_3
Apopt1,1,immat_3
Rps19bp1,1,immat_3
Mrpl22,1,immat_3
Klhdc2,1,immat_3
Ubap2l,1,immat_3
Mphosph10,1,immat_3
Arl6ip4,1,immat_3
Cpsf6,1,immat_3
Rad23b,1,immat_3
Vamp3,1,immat_3
Mlec,1,immat_3
Arl4a,1,immat_3
Cenpb,1,immat_3
Fam133b,1,immat_3
Pop4,1,immat_3
Thap12,1,immat_3
Eif4h,1,immat_3
Abcf1,1,immat_3
Acin1,1,immat_3
Rpp30,1,immat_3
Smarca4,1,immat_3
Ak6,1,immat_3
Neto2,1,immat_3
Tcf12,1,immat_3
Snw1,1,immat_3
Ruvbl2,1,immat_3
U2surp,1,immat_3
Usp14,1,immat_3
Tardbp,1,immat_3
Actl6a,1,immat_3
Hnrnph3,1,immat_3
Csde1,1,immat_3
Clns1a,1,immat_3
Srsf6,1,immat_3
Dph3,1,immat_3
Psmd14,1,immat_3
Elavl1,1,immat_3
Cdc123,1,immat_3
Psmc4,1,immat_3
Pkig,1,immat_3
Lage3,1,immat_3
Cisd2,1,immat_3
Hmg20b,1,immat_3
Xrn2,1,immat_3
Gps1,1,immat_3
Ndufab1,1,immat_3
Ndufaf2,1,immat_3
Stoml2,1,immat_3
Kdelr2,1,immat_3
Fam98b,1,immat_3
Asf1a,1,immat_3
Rcc2,1,immat_3
Dhx15,1,immat_3
Zfp326,1,immat_3
Ddx21,1,immat_3
Pbdc1,1,immat_3
Immt,1,immat_3
Bod1,1,immat_3
Rbm17,1,immat_3
Magoh,1,immat_3
Got2,1,immat_3
Bzw2,1,immat_3
Gap43,1,immat_3
Llph,1,immat_3
Polr2e,1,immat_3
Wdr89,1,immat_3
Eif4e2,1,immat_3
Cdc42se1,1,immat_3
Dnajc2,1,immat_3
Smarce1,1,immat_3
Emg1,1,immat_3
Hnrnpc,1,immat_3
Fh1,1,immat_3
Eif3m,1,immat_3
Lims1,1,immat_3
G3bp2,1,immat_3
Dcun1d5,1,immat_3
Ap1s1,1,immat_3
Ppic,1,immat_3
Mrpl13,1,immat_3
Tpm1,1,immat_3
Tcf3,1,immat_3
Med28,1,immat_3
Isoc1,1,immat_3
Tspan5,1,immat_3
Egln1,1,immat_3
Egfr,1,immat_3
Strap,1,immat_3
Ddx1,1,immat_3
Caprin1,1,immat_3
Khdrbs1,1,immat_3
Mcl1,1,immat_3
P4hb,1,immat_3
Rab13,1,immat_3
Tpgs2,1,immat_3
Zfp580,1,immat_3
Rap2a,1,immat_3
Nras,1,immat_3
Acat2,1,immat_3
Ifitm2,1,immat_3
Tspan6,1,immat_3
Ctsc,1,immat_3
Ppp1r14c,1,immat_3
Sap18,1,immat_3
Phax,1,immat_3
Fyn,1,immat_3
Bag1,1,immat_3
Polr2j,1,immat_3
Ube2a,1,immat_3
Tdg,1,immat_3
Ssr1,1,immat_3
Psmd2,1,immat_3
Stard3nl,1,immat_3
Khdrbs3,1,immat_3
Kcnmb4,1,immat_3
Cmpk1,1,immat_3
Etv4,1,immat_3
Sept9,1,immat_3
Pafah1b3,1,immat_3
Ccdc124,1,immat_3
Polr2d,1,immat_3
Timm17b,1,immat_3
Slc25a39,1,immat_3
Arl1,1,immat_3
Rpl7l1,1,immat_3
Prpf40a,1,immat_3
Actr3,1,immat_3
Vps36,1,immat_3
Mrps26,6,immat_3
Suclg2,6,immat_3
Drg1,6,immat_3
Hdac1,6,immat_3
Irak1bp1,6,immat_3
Mrps7,6,immat_3
Rbm22,6,immat_3
Exosc5,6,immat_3
Plekhj1,6,immat_3
Mrpl55,6,immat_3
Nt5c3b,6,immat_3
Bri3bp,6,immat_3
Ccnh,6,immat_3
Pitpna,6,immat_3
Ndufaf8,6,immat_3
Hddc2,6,immat_3
Dmac1,6,immat_3
Zfp422,6,immat_3
Nr2f6,6,immat_3
Csnk1e,6,immat_3
Snf8,6,immat_3
Mrps18a,6,immat_3
Ufm1,6,immat_3
Timm9,6,immat_3
Npl,6,immat_3
Ciao2b,6,immat_3
Mrps11,6,immat_3
Slc35b2,6,immat_3
Rpp25l,6,immat_3
Cul1,6,immat_3
Malsu1,6,immat_3
Sec13,6,immat_3
Ciao2a,6,immat_3
Psmd3,6,immat_3
Srp72,6,immat_3
Samm50,6,immat_3
Ddx18,6,immat_3
Mrps18c,6,immat_3
Yae1d1,6,immat_3
Timm17a,6,immat_3
Mrps5,6,immat_3
Nabp2,6,immat_3
Sars,6,immat_3
Polr2g,6,immat_3
Hacd1,6,immat_3
Ssbp4,6,immat_3
Polr2l,6,immat_3
Zfp207,6,immat_3
Supt4a,6,immat_3
Mrpl27,6,immat_3
Mtx1,6,immat_3
Nfu1,6,immat_3
Akirin1,6,immat_3
C1d,6,immat_3
Cops4,6,immat_3
Ncbp2,6,immat_3
Sdhc,6,immat_3
Commd3,6,immat_3
Smim7,6,immat_3
Cops7a,6,immat_3
Parl,6,immat_3
Brd1,6,immat_3
Sra1,6,immat_3
Ccdc127,6,immat_3
Birc6,6,immat_3
Manbal,6,immat_3
Cebpzos,6,immat_3
Btbd1,6,immat_3
Slc35b1,6,immat_3
Desi2,6,immat_3
Dusp11,6,immat_3
Plgrkt,6,immat_3
Tmem126a,6,immat_3
Guk1,6,immat_3
Arpc1a,6,immat_3
Mydgf,6,immat_3
Psma1,6,immat_3
Luc7l3,6,immat_3
Mpdu1,6,immat_3
Pmpcb,6,immat_3
Vps35,6,immat_3
Rbm28,6,immat_3
Ccdc59,6,immat_3
Ppp2r2a,6,immat_3
Tmx1,6,immat_3
Pdzd11,6,immat_3
Dnajb11,6,immat_3
Med7,6,immat_3
Ctdnep1,6,immat_3
Zfp106,6,immat_3
Ik,6,immat_3
Pdha1,6,immat_3
Ptrhd1,6,immat_3
Timm22,6,immat_3
Fam89b,6,immat_3
Ift74,6,immat_3
Immp1l,6,immat_3
Psmd9,6,immat_3
Pdcl3,6,immat_3
Serp1,6,immat_3
Dap3,6,immat_3
Ptbp2,6,immat_3
Cops2,6,immat_3
Mapk1,6,immat_3
March5,6,immat_3
Rnf10,6,immat_3
Pak1ip1,6,immat_3
Arl4c,6,immat_3
Lpcat1,6,immat_3
Mmp14,6,immat_3
Sox21,6,immat_3
Adgrb1,6,immat_3
Ptprs,6,immat_3
Vit,6,immat_3
Fzd3,6,immat_3
Vcan,6,immat_3
App,6,immat_3
Ppp1r12a,6,immat_3
Six3,6,immat_3
Cggbp1,6,immat_3
Jam2,6,immat_3
Sp5,6,immat_3
Prpf38b,6,immat_3
Fam76b,6,immat_3
Celf2,6,immat_3
Ttyh3,6,immat_3
Rsrc2,6,immat_3
Prkar1a,6,immat_3
Papss1,6,immat_3
Ncor1,6,immat_3
Atp6v0e2,6,immat_3
Paip1,6,immat_3
Tmem134,6,immat_3
Fdx2,6,immat_3
Krcc1,6,immat_3
Psme2,6,immat_3
Tmem160,6,immat_3
Ckap4,6,immat_3
Rab31,6,immat_3
Sec11a,6,immat_3
Ntan1,6,immat_3
Ppib,6,immat_3
Unc119,6,immat_3
Tmem121,6,immat_3
Rlbp1,6,immat_3
Rab11a,6,immat_3
Rnf180,6,immat_3
Ccdc28b,6,immat_3
Schip1,6,immat_3
Psme1,6,immat_3
Wdr61,6,immat_3
Ppp2r1a,6,immat_3
Emc10,6,immat_3
Cops5,6,immat_3
Snx6,6,immat_3
Tsen34,6,immat_3
Mob4,6,immat_3
Irf2bpl,6,immat_3
Tufm,6,immat_3
Brd2,6,immat_3
Taf7,6,immat_3
Mtpn,6,immat_3
Golga7,6,immat_3
Med25,6,immat_3
Actr2,6,immat_3
Ei24,6,immat_3
Copz1,6,immat_3
Nipsnap2,6,immat_3
Atg12,6,immat_3
Hs2st1,6,immat_3
Senp6,6,immat_3
Ccni,6,immat_3
Pdia4,6,immat_3
Impad1,6,immat_3
Diablo,6,immat_3
Nsd1,6,immat_3
Tspan13,6,immat_3
Adnp,6,immat_3
Mprip,6,immat_3
Ppp1cb,6,immat_3
Hnrnph2,6,immat_3
Abhd17b,6,immat_3
Zfr,6,immat_3
Sdcbp,6,immat_3
Zfp771,6,immat_3
Ddost,6,immat_3
Mtfr1l,6,immat_3
Rbm42,6,immat_3
Anapc10,6,immat_3
Sgta,6,immat_3
Dars,6,immat_3
Atg3,6,immat_3
Tln1,6,immat_3
Ccdc12,6,immat_3
Rap1b,6,immat_3
1110038F14Rik,6,immat_3
Pde6d,6,immat_3
Ptpn1,6,immat_3
Mrpl9,6,immat_3
Ndufv1,6,immat_3
Rab24,6,immat_3
Stk16,6,immat_3
Sucla2,6,immat_3
Eif4b,6,immat_3
Traf7,6,immat_3
Psmb3,20,immat_3
Sfr1,20,immat_3
Pomp,20,immat_3
Tma7,20,immat_3
Tmem258,20,immat_3
Sumo1,20,immat_3
Eif3k,20,immat_3
Ube2m,20,immat_3
Ppp1ca,20,immat_3
Fkbp1a,20,immat_3
Lsm7,20,immat_3
Arpp19,20,immat_3
Polr2f,20,immat_3
Taf10,20,immat_3
Glrx3,20,immat_3
Txnl1,20,immat_3
Mrpl20,20,immat_3
Pgk1,20,immat_3
Phb2,20,immat_3
Bola2,20,immat_3
Vdac3,20,immat_3
Eef1d,20,immat_3
Mrpl42,20,immat_3
Cct3,20,immat_3
Cct6a,20,immat_3
Hspe1,20,immat_3
Nop10,20,immat_3
C1qbp,20,immat_3
Ldha,20,immat_3
Psma7,20,immat_3
Atp5g1,20,immat_3
Snrpd3,20,immat_3
Eef1g,20,immat_3
Eif3i,20,immat_3
Eif3h,20,immat_3
Metap2,20,immat_3
Erh,20,immat_3
Eif2s2,20,immat_3
Bcl7c,20,immat_3
Gm11808,20,immat_3
Rwdd1,20,immat_3
Arhgdia,20,immat_3
Hes1,20,immat_3
Maged1,20,immat_3
Uba52,20,immat_3
2410006H16Rik,20,immat_3
Clic1,20,immat_3
Hdgf,20,immat_3
Sfpq,20,immat_3
Sox11,20,immat_3
Top1,20,immat_3
Ddah2,20,immat_3
Thoc7,20,immat_3
Ddx39b,20,immat_3
Cdk2ap1,20,immat_3
Srsf9,20,immat_3
Eif1ax,20,immat_3
Anp32a,20,immat_3
Cacybp,20,immat_3
Sarnp,20,immat_3
Nsa2,20,immat_3
Cct5,20,immat_3
Lsm6,20,immat_3
Nol7,20,immat_3
Bzw1,20,immat_3
Mettl9,20,immat_3
Hnrnpk,20,immat_3
Krtcap2,20,immat_3
Ccnd1,20,immat_3
Olig2,20,immat_3
H3f3a,20,immat_3
Cfl1,20,immat_3
Atpif1,20,immat_3
Pgls,20,immat_3
Sem1,20,immat_3
Pdcd5,20,immat_3
Mrfap1,20,immat_3
Pfn1,20,immat_3
Sec61b,20,immat_3
Mrpl52,20,immat_3
Sec61g,20,immat_3
Rtraf,20,immat_3
Eif3f,20,immat_3
Slc25a5,20,immat_3
Mrpl33,18,immat_3
Pcnp,18,immat_3
Mrpl28,18,immat_3
Cfdp1,18,immat_3
Mrpl58,18,immat_3
Eprs,18,immat_3
Ctbp1,18,immat_3
Psma5,18,immat_3
Cfl2,18,immat_3
Srsf11,18,immat_3
Psmc6,18,immat_3
Acat1,18,immat_3
Anapc11,18,immat_3
Sf3b1,18,immat_3
Ube2e3,18,immat_3
Snrpc,18,immat_3
Ewsr1,18,immat_3
Eny2,18,immat_3
Cct2,18,immat_3
Hnrnpm,18,immat_3
Zc3h15,18,immat_3
Aimp1,18,immat_3
Lsm12,18,immat_3
Zcrb1,18,immat_3
Arf1,18,immat_3
Rap1a,18,immat_3
Mdh2,18,immat_3
Dnajc19,18,immat_3
Cct7,18,immat_3
Ube2n,18,immat_3
Cct8,18,immat_3
Srrm1,18,immat_3
Stub1,18,immat_3
Rbm25,18,immat_3
Srsf10,18,immat_3
Nap1l4,18,immat_3
Sf3b2,18,immat_3
Gm1673,18,immat_3
Paics,18,immat_3
Fus,18,immat_3
Ctnnb1,18,immat_3
Cetn3,18,immat_3
Tpr,18,immat_3
Dnaja1,18,immat_3
Denr,18,immat_3
Mbd3,18,immat_3
Eif3c,18,immat_3
Tsn,18,immat_3
Trmt112,18,immat_3
1110004F10Rik,18,immat_3
Rnf7,18,immat_3
Psmc3,18,immat_3
Csnk2a1,18,immat_3
Ptp4a2,18,immat_3
Eif5,18,immat_3
Pcbp2,18,immat_3
Hnrnpr,18,immat_3
Acp1,18,immat_3
Fubp1,18,immat_3
Tmem167,18,immat_3
Nfib,18,immat_3
Mpp6,18,immat_3
Pcm1,18,immat_3
Zfp91,18,immat_3
Purb,18,immat_3
Kif5b,18,immat_3
Hsp90b1,18,immat_3
Rdx,18,immat_3
Mapre1,18,immat_3
Eif4g2,18,immat_3
Ftl1,32,immat_3
Uqcrq,32,immat_3
Tmem256,32,immat_3
Prdx2,32,immat_3
Serf2,32,immat_3
Arf5,32,immat_3
Morf4l2,32,immat_3
Psmb6,32,immat_3
Psma3,32,immat_3
Ywhaq,32,immat_3
Gtf2h5,32,immat_3
Swi5,32,immat_3
Nedd8,32,immat_3
Atp5o,32,immat_3
Atp5e,32,immat_3
Oaz1,32,immat_3
Tbca,32,immat_3
Uqcc2,32,immat_3
Gnb2,32,immat_3
Ywhae,32,immat_3
Elob,32,immat_3
Jun,32,immat_3
Gm13889,32,immat_3
Grm5,32,immat_3
Itgb1,32,immat_3
Nedd4,32,immat_3
Car8,32,immat_3
Gatm,32,immat_3
Sox4,32,immat_3
Pea15a,32,immat_3
Ppp1r1a,32,immat_3
Nnat,32,immat_3
Rtn1,32,immat_3
Ssrp1,21,immat_3
Supt16,21,immat_3
Ywhah,21,immat_3
Ppp1cc,21,immat_3
Smc1a,21,immat_3
Cmc2,21,immat_3
Usp1,21,immat_3
Rrm1,21,immat_3
Ddx39,21,immat_3
Slc24a5,21,immat_3
Syncrip,21,immat_3
0610010K14Rik,21,immat_3
Sae1,21,immat_3
Exosc8,21,immat_3
Rnaseh2c,21,immat_3
Hnrnpdl,21,immat_3
Hsp90aa1,21,immat_3
Srsf3,21,immat_3
Cbx1,21,immat_3
Prdx4,21,immat_3
Nudt21,21,immat_3
Ssb,21,immat_3
Nudc,21,immat_3
Cbx5,21,immat_3
H2afy,21,immat_3
Hnrnpu,21,immat_3
Sf3b5,21,immat_3
Snu13,21,immat_3
Mrpl18,21,immat_3
Smarca5,21,immat_3
U2af1,21,immat_3
Rbbp4,21,immat_3
Tceal9,21,immat_3
Eif4a1,21,immat_3
Cenpx,21,immat_3
Ube2i,21,immat_3
Snrpb,21,immat_3
Tra2b,21,immat_3
Tcp1,21,immat_3
Gspt1,21,immat_3
Tpm3,21,immat_3
Cdv3,21,immat_3
Ptges3,21,immat_3
Srsf2,21,immat_3
Hpf1,21,immat_3
Alyref,21,immat_3
Tagln2,21,immat_3
Srsf7,21,immat_3
Dtymk,21,immat_3
Pa2g4,21,immat_3
Ak2,21,immat_3
Ybx3,21,immat_3
Nop58,21,immat_3
Tpm4,21,immat_3
Fbln2,21,immat_3
Gm10076,21,immat_3
1110038B12Rik,21,immat_3
Cycs,21,immat_3
Nhp2,21,immat_3
Lyar,5,immat_3
Abracl,5,immat_3
Fam92a,5,immat_3
Gar1,5,immat_3
Naa10,5,immat_3
Bex4,5,immat_3
Dhx9,5,immat_3
Cnih2,5,immat_3
Raly,5,immat_3
Mrto4,5,immat_3
U2af2,5,immat_3
Impdh2,5,immat_3
Cnbp,5,immat_3
Chchd1,5,immat_3
Nrgn,5,immat_3
Hist1h4i,5,immat_3
Ppa1,5,immat_3
Gpx1,5,immat_3
Apex1,5,immat_3
Mrps28,5,immat_3
Tomm40,5,immat_3
Tbrg1,5,immat_3
Snhg8,5,immat_3
Mrps16,5,immat_3
Ier3,5,immat_3
Mrpl53,5,immat_3
Tead2,5,immat_3
Mrpl12,5,immat_3
Eif3e,5,immat_3
Gas5,5,immat_3
Snhg1,5,immat_3
Eif2s1,5,immat_3
Rpl9-ps6,5,immat_3
Psmg4,5,immat_3
Fbl,5,immat_3
Myl12a,5,immat_3
Gm2000,5,immat_3
Fscn1,5,immat_3
Igfbp4,5,immat_3
Srm,5,immat_3
Rsl1d1,5,immat_3
Snhg6,5,immat_3
Rbmxl1,5,immat_3
Odc1,5,immat_3
Hmgn5,5,immat_3
Kmt5a,5,immat_3
Coq7,5,immat_3
Dazap1,5,immat_3
Nudt4,5,immat_3
Dynlt1f,5,immat_3
Ppih,5,immat_3
Cenpv,5,immat_3
AI506816,5,immat_3
Dnph1,5,immat_3
Npm3,5,immat_3
Eif3a,5,immat_3
Glrx5,5,immat_3
Prelid1,5,immat_3
Hnrnpl,5,immat_3
Yeats4,5,immat_3
Nudcd2,5,immat_3
Cct4,5,immat_3
Hdac2,5,immat_3
Pin1,5,immat_3
Sms,5,immat_3
Brix1,5,immat_3
Knop1,5,immat_3
Hras,5,immat_3
Psmd1,5,immat_3
Snrpb2,5,immat_3
Rbm8a,5,immat_3
Eif3l,5,immat_3
Commd1,5,immat_3
Hspa4,5,immat_3
Rnf187,5,immat_3
Mrpl57,5,immat_3
G3bp1,5,immat_3
Timm50,5,immat_3
Nsmce1,5,immat_3
Uchl3,5,immat_3
Ssna1,5,immat_3
Phf5a,5,immat_3
Snrpa1,5,immat_3
Gtf2a2,5,immat_3
Dpy30,5,immat_3
Naa50,5,immat_3
Rnps1,5,immat_3
Nsd2,5,immat_3
Ctcf,5,immat_3
Lsm3,5,immat_3
Pmf1,5,immat_3
Nono,5,immat_3
Eif4e,5,immat_3
Med30,5,immat_3
Ilf2,5,immat_3
Maz,5,immat_3
Fabp7,48,immat_3
Selenoh,29,immat_3
Hmgn2,29,immat_3
Hmgb1,29,immat_3
Tmsb10,29,immat_3
Ptma,29,immat_3
Hnrnpa1,29,immat_3
Ran,29,immat_3
Rbm3,29,immat_3
Rpl37a,22,immat_3
Rpl34,22,immat_3
Rpl38,22,immat_3
Rpl37,22,immat_3
Rpl27,22,immat_3
Rps29,22,immat_3
Rpl15,22,immat_3
Rpl36,22,immat_3
Rpl30,22,immat_3
Rps10,22,immat_3
Rpl11,22,immat_3
Rpl24,22,immat_3
Rpl18a,22,immat_3
Rpl9,22,immat_3
Rpl19,22,immat_3
Rpl35,22,immat_3
Eef1b2,22,immat_3
Nme2,22,immat_3
Rpl23a,22,immat_3
Rps16,22,immat_3
Rps11,22,immat_3
Rplp2,22,immat_3
Rpl23,22,immat_3
Rpl18,22,immat_3
Rps13,22,immat_3
Rps3,22,immat_3
Rpl35a,22,immat_3
Rps28,22,immat_3
Rps9,22,immat_3
Rps7,22,immat_3
Eef1a1,22,immat_3
Rpl6,22,immat_3
Rpl10a,22,immat_3
Rpl8,22,immat_3
Rpl36a,22,immat_3
Rpl14,22,immat_3
Rpl3,22,immat_3
Rpl17,22,immat_3
Rpl22,22,immat_3
Rps19,22,immat_3
Rpl27a,22,immat_3
Rps18,22,immat_3
Rpsa,34,immat_3
Rplp0,34,immat_3
Rps2,34,immat_3
Ybx1,34,immat_3
Rps8,34,immat_3
Rpl41,34,immat_3
Rpl32,34,immat_3
Rps26,34,immat_3
Rps27a,34,immat_3
Rps4x,34,immat_3
Rpl13,34,immat_3
Rps15a,34,immat_3
Rps3a1,34,immat_3
Rps5,34,immat_3
Rps12,34,immat_3
Rpl29,34,immat_3
Rps24,34,immat_3
Rps20,34,immat_3
Rpl39,34,immat_3
Hsp90ab1,34,immat_3
Vim,34,immat_3
Tmsb4x,34,immat_3
Fabp5,26,immat_3
Igfbp2,26,immat_3
Tuba1a,26,immat_3
Dbi,26,immat_3
Marcks,26,immat_3
Acot1,26,immat_3
Anp32b,19,immat_3
Ranbp1,19,immat_3
Nap1l1,19,immat_3
Hnrnpab,19,immat_3
Hnrnpd,19,immat_3
Cdk4,19,immat_3
Snrpd1,19,immat_3
Fkbp3,19,immat_3
Snrpe,19,immat_3
Hnrnpf,19,immat_3
Ncl,19,immat_3
Lsm4,19,immat_3
Snrpf,19,immat_3
Banf1,19,immat_3
Hnrnpa3,19,immat_3
Snrpg,19,immat_3
Hspd1,19,immat_3
Set,19,immat_3
H3f3b,19,immat_3
Psip1,19,immat_3
Pabpc1,19,immat_3
Lsm5,19,immat_3
Hnrnpa0,19,immat_3
Myef2,19,immat_3
Hnrnpa2b1,19,immat_3
Cbx3,19,immat_3
Hmgn1,19,immat_3
H2afv,19,immat_3
Anp32e,19,immat_3
Hmgb3,19,immat_3
Sumo2,10,immat_3
Ppia,10,immat_3
Rps27l,10,immat_3
Hint1,10,immat_3
Mest,10,immat_3
Gm29521,10,immat_3
Nes,10,immat_3
Basp1,10,immat_3
Rpl31,10,immat_3
Rpl36al,10,immat_3
Naca,10,immat_3
Rpl22l1,10,immat_3
Rps14,10,immat_3
Rps27,10,immat_3
Rps21,10,immat_3
Btf3,10,immat_3
Prmt1,10,immat_3
Nme1,10,immat_3
Bex3,10,immat_3
Atp5g2,10,immat_3
Snrpd2,10,immat_3
Eef2,10,immat_3
Ppp1r14b,10,immat_3
Rps17,10,immat_3
Rpl10,10,immat_3
Rps23,10,immat_3
Rpl26,10,immat_3
Rpl7a,10,immat_3
Rpl28,10,immat_3
Rpl5,10,immat_3
Rpl7,10,immat_3
Rpl21,10,immat_3
Rplp1,10,immat_3
Tpt1,10,immat_3
Txn1,10,immat_3
Bex2,10,immat_3
Serbp1,10,immat_3
Rpl13a,10,immat_3
Pdap1,10,immat_3
Rps15,10,immat_3
Npm1,10,immat_3
Rps6,10,immat_3
Rpl12,10,immat_3
Rps25,10,immat_3
Rpl4,10,immat_3
Rack1,10,immat_3
Eif5a,10,immat_3
Actb,10,immat_3
Actg1,10,immat_3
Marcksl1,10,immat_3
Olig1,10,immat_3
Pebp1,10,immat_3
Fau,10,immat_3
Fos,10,immat_3
Ier2,10,immat_3
Egr1,10,immat_3
Socs3,10,immat_3
Ccnd2,10,immat_3
Junb,10,immat_3
Tubb5,45,immat_3
Stmn1,45,immat_3
Tuba1b,45,immat_3
H2afz,45,immat_3
Hmgb2,45,immat_3
Gmnn,39,immat_3
Dnajc9,39,immat_3
Lsm2,39,immat_3
Nasp,39,immat_3
Dctpp1,39,immat_3
Dut,39,immat_3
Pcna,39,immat_3
Rrm2,39,immat_3
Dek,39,immat_3
H1f0,42,immat_3
Spc24,42,immat_3
Tmpo,42,immat_3
Cks1b,42,immat_3
Ezh2,42,immat_3
Cenpm,42,immat_3
Cenpw,42,immat_3
Cenpq,42,immat_3
Fbxo5,42,immat_3
Esco2,42,immat_3
Aurkb,42,immat_3
Bub3,42,immat_3
Sgo1,42,immat_3
Incenp,42,immat_3
Arhgef26,4,immat_4
Limch1,4,immat_4
Pcdh17,4,immat_4
Alcam,4,immat_4
Pnrc2,4,immat_4
Tubb2b,4,immat_4
Gas1,4,immat_4
Cdo1,4,immat_4
Pgpep1,4,immat_4
Nr2f1,4,immat_4
Anapc16,4,immat_4
Selenot,4,immat_4
E130114P18Rik,4,immat_4
Tmem218,4,immat_4
Spcs1,4,immat_4
Tacc1,4,immat_4
Lrig1,4,immat_4
Eepd1,4,immat_4
Notch3,4,immat_4
Klhl5,4,immat_4
Slc6a9,4,immat_4
Agrn,4,immat_4
Tspan12,4,immat_4
Slc25a18,4,immat_4
Rhcg,4,immat_4
Cib1,4,immat_4
Ampd3,4,immat_4
Slc1a4,4,immat_4
Cpxm1,4,immat_4
Tnfaip8,4,immat_4
Sema6d,4,immat_4
Tpbg,4,immat_4
Angptl4,4,immat_4
Ddit4,4,immat_4
Tm7sf2,4,immat_4
Tgfb2,4,immat_4
Emid1,4,immat_4
Arxes2,4,immat_4
Prex1,4,immat_4
Jak1,4,immat_4
Spred1,4,immat_4
Cnr1,4,immat_4
Itih5,4,immat_4
Fads1,4,immat_4
Notch2,4,immat_4
Sorcs2,4,immat_4
Ppp2r5a,4,immat_4
Adhfe1,4,immat_4
Plxnb1,4,immat_4
Paqr8,4,immat_4
Slc30a10,4,immat_4
Tmem165,4,immat_4
Adgrl3,4,immat_4
Specc1,4,immat_4
Me1,4,immat_4
Os9,4,immat_4
Kcnj10,4,immat_4
Itgb5,4,immat_4
Lgalsl,4,immat_4
Acbd5,4,immat_4
Clstn1,4,immat_4
Tmem63b,4,immat_4
Hebp1,4,immat_4
Efhd2,4,immat_4
Bpgm,4,immat_4
Pigt,4,immat_4
Nsdhl,4,immat_4
Ptn,41,immat_4
Glud1,41,immat_4
Lxn,41,immat_4
Ednrb,41,immat_4
Scd2,41,immat_4
Sparc,41,immat_4
Ncan,41,immat_4
Fgfbp3,41,immat_4
Ptprz1,41,immat_4
Cd9,41,immat_4
Hmgcs1,41,immat_4
Emp2,41,immat_4
Kcne1l,41,immat_4
Gng12,41,immat_4
Syt11,41,immat_4
Phyhipl,41,immat_4
Tmbim6,41,immat_4
Pmepa1,24,immat_4
Tnc,24,immat_4
Adgrg1,24,immat_4
Sema6a,24,immat_4
Npas3,24,immat_4
Nrarp,24,immat_4
Gsk3b,24,immat_4
Aldh1l1,24,immat_4
Fez1,24,immat_4
Idi1,24,immat_4
Hmgcr,24,immat_4
Fam210b,24,immat_4
Hsdl2,24,immat_4
Cyp51,24,immat_4
Gcsh,24,immat_4
Rrbp1,24,immat_4
Hsd17b12,24,immat_4
Reep3,24,immat_4
Casc4,24,immat_4
Abcd3,24,immat_4
Rab14,24,immat_4
Ssr3,24,immat_4
Tmem30a,24,immat_4
Cdkn1b,24,immat_4
Rab6a,24,immat_4
Twf1,24,immat_4
Nfia,24,immat_4
Ap3s1,24,immat_4
Ndufa1,24,immat_4
Canx,24,immat_4
Rab10,24,immat_4
Acadl,24,immat_4
Spcs2,24,immat_4
Ctnnbip1,24,immat_4
Evi5,24,immat_4
Maged2,24,immat_4
1810058I24Rik,24,immat_4
Tm9sf3,24,immat_4
Glo1,24,immat_4
Mtss2,24,immat_4
Dctn2,24,immat_4
Hsbp1,24,immat_4
Mir9-3hg,24,immat_4
Gpx8,24,immat_4
Mocs2,24,immat_4
Atxn10,24,immat_4
Dstn,24,immat_4
Serpinh1,24,immat_4
Hsd17b10,24,immat_4
Jund,24,immat_4
Spry2,24,immat_4
Hadh,24,immat_4
Gamt,24,immat_4
Ppdpf,24,immat_4
Tmem223,24,immat_4
Id3,24,immat_4
Bri3,24,immat_4
Svbp,24,immat_4
Fibp,24,immat_4
Atox1,24,immat_4
Mrps21,24,immat_4
Ost4,24,immat_4
Cox4i1,24,immat_4
Ndufa7,24,immat_4
Ndufa11,24,immat_4
Mdk,24,immat_4
Cox6c,24,immat_4
Ndufa3,24,immat_4
Smdt1,24,immat_4
Npdc1,23,immat_4
Cbs,23,immat_4
Cadm4,23,immat_4
Kctd5,23,immat_4
Ktn1,23,immat_4
Fdft1,23,immat_4
Nim1k,23,immat_4
Ppp2r2b,23,immat_4
Ptpra,23,immat_4
Rtn4,23,immat_4
Qk,23,immat_4
Trim9,23,immat_4
Arl8a,23,immat_4
Sox2,23,immat_4
Atp2a2,23,immat_4
Dag1,23,immat_4
Lrp1,23,immat_4
Msi2,23,immat_4
Cdh2,23,immat_4
Clcn3,23,immat_4
Nudt3,23,immat_4
Agpat3,23,immat_4
Pdlim4,23,immat_4
Scp2,23,immat_4
Dhrs1,23,immat_4
Slc6a11,23,immat_4
Serpine2,23,immat_4
Fads2,23,immat_4
Vcam1,23,immat_4
Sec62,23,immat_4
Fam171b,23,immat_4
Rtn3,23,immat_4
Ramp1,23,immat_4
Selenow,23,immat_4
Atxn7l3b,23,immat_4
Fis1,23,immat_4
Ndufv3,23,immat_4
Lamtor4,23,immat_4
Dgcr6,23,immat_4
Kcnk2,23,immat_4
Gm17750,23,immat_4
Idh1,23,immat_4
Pdcd4,23,immat_4
6330403K07Rik,23,immat_4
Tprgl,23,immat_4
Chmp2a,23,immat_4
Nenf,23,immat_4
Map1lc3a,23,immat_4
Prdx5,23,immat_4
Hmgn3,23,immat_4
Bbip1,23,immat_4
Gabarapl2,23,immat_4
Psenen,23,immat_4
Lrrc58,23,immat_4
Cnn3,23,immat_4
Sar1b,23,immat_4
Gde1,23,immat_4
Polr3h,23,immat_4
Selenof,23,immat_4
Ddt,23,immat_4
Psph,23,immat_4
Npc2,23,immat_4
Chmp4b,23,immat_4
Rab2a,23,immat_4
Pnrc1,23,immat_4
Ubxn4,23,immat_4
Myo10,23,immat_4
Sqle,23,immat_4
Ptch1,23,immat_4
Rab11b,23,immat_4
Pbx1,23,immat_4
Arap2,23,immat_4
Pou3f2,23,immat_4
Tcf25,23,immat_4
Rab5a,23,immat_4
Ppp3ca,23,immat_4
Acaa1a,23,immat_4
Rab9,23,immat_4
2310022B05Rik,23,immat_4
Gfap,23,immat_4
Pafah1b1,23,immat_4
Gabbr2,23,immat_4
Fmo1,23,immat_4
C030005K06Rik,23,immat_4
Map2,23,immat_4
Pou2f1,23,immat_4
Skp1a,23,immat_4
Dync1i2,23,immat_4
Dnajb6,23,immat_4
Pdcd10,23,immat_4
Aamp,23,immat_4
Mff,23,immat_4
Rab7,23,immat_4
Hdhd2,23,immat_4
Arl3,23,immat_4
Sys1,23,immat_4
Pdpn,23,immat_4
Thra,23,immat_4
Dpysl2,23,immat_4
Zfp36l1,23,immat_4
Zfp36l2,23,immat_4
Ctnnd2,13,mat_1
Dlgap1,13,mat_1
Klf9,13,mat_1
Mir99ahg,13,mat_1
Pcdh7,13,mat_1
Auts2,13,mat_1
Tmed5,13,mat_1
Tm9sf2,13,mat_1
Atp6ap2,13,mat_1
Lrpap1,13,mat_1
Myorg,13,mat_1
Cpq,13,mat_1
Creg1,13,mat_1
Gabrg1,13,mat_1
Slitrk2,13,mat_1
Slc35a2,13,mat_1
Zfp467,13,mat_1
Gm49708,13,mat_1
Vamp2,13,mat_1
Unc50,13,mat_1
G6pc3,13,mat_1
Clasp2,13,mat_1
Impact,13,mat_1
Gramd3,13,mat_1
Ctsa,13,mat_1
Cpne2,13,mat_1
Derl1,13,mat_1
Hagh,13,mat_1
P4ha1,13,mat_1
AC149090.1,13,mat_1
Pgm1,13,mat_1
Fam13c,13,mat_1
Fut8,13,mat_1
Selenbp1,13,mat_1
Plcd4,13,mat_1
Smpd2,13,mat_1
Mcee,13,mat_1
Aldh7a1,13,mat_1
Tmem205,13,mat_1
Mxi1,13,mat_1
Serinc3,13,mat_1
Cyp2j6,13,mat_1
Dpm1,13,mat_1
Yipf4,13,mat_1
Tm2d3,13,mat_1
Arl6ip5,13,mat_1
Tspan31,13,mat_1
Emc3,13,mat_1
Dbx2,13,mat_1
Ikbip,13,mat_1
Wscd1,13,mat_1
Cbr3,13,mat_1
Tmem14a,13,mat_1
Zcchc7,13,mat_1
Eif4a2,13,mat_1
Ctsz,13,mat_1
H2-K1,13,mat_1
Snhg20,13,mat_1
Cpeb4,13,mat_1
Pttg1ip,13,mat_1
Cyhr1,13,mat_1
Degs1,13,mat_1
B4gat1,13,mat_1
Jkamp,13,mat_1
Asah1,13,mat_1
Cd320,13,mat_1
Abca1,13,mat_1
Abat,13,mat_1
Adcyap1r1,13,mat_1
Rgma,13,mat_1
Cnp,13,mat_1
Erlec1,13,mat_1
Snta1,13,mat_1
Rnd2,13,mat_1
Camk2g,13,mat_1
Fbrsl1,13,mat_1
Zcchc18,13,mat_1
Tmem176b,13,mat_1
Rasa2,13,mat_1
Gm11627,13,mat_1
Stxbp3,13,mat_1
Rora,13,mat_1
Papss2,13,mat_1
Gaa,13,mat_1
Enpp5,13,mat_1
Mapk4,13,mat_1
Csdc2,13,mat_1
Ppt1,13,mat_1
Sorl1,13,mat_1
Scg5,13,mat_1
Gm15417,13,mat_1
4931406C07Rik,13,mat_1
Cat,13,mat_1
Il11ra1,13,mat_1
Tm2d1,13,mat_1
Rnasek,13,mat_1
Tkt,13,mat_1
Acadvl,13,mat_1
Slc25a23,13,mat_1
Amer2,13,mat_1
Haghl,13,mat_1
Fuca1,13,mat_1
Rnf215,13,mat_1
Sc5d,13,mat_1
Aamdc,13,mat_1
Mboat2,13,mat_1
Smox,13,mat_1
Gm266,13,mat_1
Pdzph1,13,mat_1
Clcn4,13,mat_1
Gnptg,13,mat_1
Hbegf,13,mat_1
Tmem208,13,mat_1
Tafa5,13,mat_1
Chadl,13,mat_1
Aig1,13,mat_1
Shisa9,13,mat_1
Slc49a4,13,mat_1
Rftn2,13,mat_1
Grn,13,mat_1
Tmem9b,13,mat_1
Pld3,13,mat_1
Lgmn,13,mat_1
Lpcat3,13,mat_1
Scamp2,13,mat_1
Klf15,13,mat_1
Dner,13,mat_1
Zfyve21,13,mat_1
Acox1,13,mat_1
Gdi1,13,mat_1
Abhd12,13,mat_1
Orai1,13,mat_1
Hook3,13,mat_1
Tmed7,13,mat_1
Ncam1,3,mat_1
Tmem100,3,mat_1
Ctsb,3,mat_1
Timp3,3,mat_1
Rgcc,3,mat_1
Sox9,3,mat_1
Rcn2,3,mat_1
Gpm6b,3,mat_1
Sfxn5,3,mat_1
S100a6,3,mat_1
Pcsk1n,3,mat_1
Mlc1,3,mat_1
Pon2,3,mat_1
Slc22a17,3,mat_1
Gabbr1,3,mat_1
Ddah1,3,mat_1
Selenom,3,mat_1
Tst,3,mat_1
Cyb5a,3,mat_1
Tspan3,3,mat_1
Phgdh,3,mat_1
BC031181,3,mat_1
Pfn2,3,mat_1
Gabarap,3,mat_1
Crip2,3,mat_1
Tmem50a,3,mat_1
Ech1,3,mat_1
Atp6v1f,3,mat_1
Ptpmt1,3,mat_1
Higd2a,3,mat_1
Ergic3,3,mat_1
Gm2a,3,mat_1
Txndc15,3,mat_1
Hcfc1r1,3,mat_1
Sirt2,3,mat_1
Acaa2,3,mat_1
Ndfip1,3,mat_1
Mpc2,3,mat_1
Ndufa13,3,mat_1
Slc25a4,3,mat_1
Etfb,3,mat_1
Uqcr11,3,mat_1
Aldoa,3,mat_1
Map1lc3b,3,mat_1
Mid1ip1,3,mat_1
Gpx4,3,mat_1
Chpt1,3,mat_1
Selenok,3,mat_1
Marc2,3,mat_1
Mgst1,3,mat_1
Grm3,3,mat_1
Emc7,3,mat_1
Gm3764,3,mat_1
Dkk3,3,mat_1
Hacd3,3,mat_1
Ggh,3,mat_1
Nrcam,3,mat_1
Reep5,3,mat_1
Phactr3,3,mat_1
Hepacam,3,mat_1
Nrxn2,3,mat_1
Rgs20,3,mat_1
Dbndd2,3,mat_1
Slc6a1,3,mat_1
Slc27a1,3,mat_1
Ahcyl1,3,mat_1
Rbp1,3,mat_1
Plaat3,3,mat_1
Shisa4,3,mat_1
Aldh2,3,mat_1
Pygb,3,mat_1
Hibadh,3,mat_1
Myo6,3,mat_1
Asrgl1,3,mat_1
Oat,3,mat_1
Mras,3,mat_1
Pcdh10,3,mat_1
Tril,3,mat_1
Aplp2,3,mat_1
Sash1,3,mat_1
Pnisr,3,mat_1
Kif1b,3,mat_1
Ccdc88a,3,mat_1
Pou3f3,3,mat_1
Zbtb20,3,mat_1
Spag9,3,mat_1
Tcf4,3,mat_1
Crym,44,mat_1
mt-Nd4,44,mat_1
mt-Co1,44,mat_1
mt-Cytb,44,mat_1
mt-Nd2,44,mat_1
mt-Co3,44,mat_1
mt-Co2,44,mat_1
mt-Atp6,44,mat_1
Gstm5,44,mat_1
Chchd10,44,mat_1
Apoe,40,mat_1
Cst3,40,mat_1
Sparcl1,40,mat_1
Gm42418,50,mat_1
Clu,37,mat_1
Slc1a2,37,mat_1
Aldoc,37,mat_1
Ttyh1,17,mat_1
Mfge8,17,mat_1
Slc1a3,17,mat_1
Mt3,17,mat_1
Tsc22d4,17,mat_1
Ldhb,17,mat_1
Psap,17,mat_1
Enho,17,mat_1
Laptm4a,17,mat_1
Cd63,17,mat_1
Ctsl,17,mat_1
Pantr1,17,mat_1
AW047730,17,mat_1
S100a16,17,mat_1
Mmd2,17,mat_1
Lamp1,17,mat_1
Scrg1,17,mat_1
Baalc,17,mat_1
Nrxn1,17,mat_1
Atp1b1,17,mat_1
Slc4a4,17,mat_1
Msmo1,36,mat_1
Id2,36,mat_1
Slc7a10,36,mat_1
Aqp4,36,mat_1
Gstm1,36,mat_1
S100a1,36,mat_1
Ntrk2,36,mat_1
Luzp2,36,mat_1
Atp1b2,36,mat_1
Nkain4,36,mat_1
Gpm6a,36,mat_1
Fjx1,36,mat_1
Ntm,36,mat_1
Cpe,36,mat_1
Ndrg2,36,mat_1
Tspan7,36,mat_1
Bcan,36,mat_1
Cd81,36,mat_1
Cspg5,36,mat_1
Itm2b,36,mat_1
Abhd3,35,mat_1
Slc3a2,35,mat_1
Hacd2,35,mat_1
Cadm2,35,mat_1
Chst1,35,mat_1
Chst2,35,mat_1
Vegfa,35,mat_1
Rnf13,35,mat_1
Serinc1,35,mat_1
Entpd2,35,mat_1
Sdc4,35,mat_1
Mgll,35,mat_1
Atp6v0e,35,mat_1
Saraf,35,mat_1
Bsg,35,mat_1
Car2,35,mat_1
Tecr,35,mat_1
Atp6v0c,35,mat_1
Fzd2,35,mat_1
Son,35,mat_1
Selenos,35,mat_1
Timp4,35,mat_1
Cd47,35,mat_1
Rsrp1,35,mat_1
Crot,35,mat_1
Lap3,35,mat_1
Mir100hg,35,mat_1
Atraid,35,mat_1
Ezr,35,mat_1
Mpc1,35,mat_1
Slc9a3r1,35,mat_1
Pmm1,35,mat_1
Tlcd1,35,mat_1
Ctsd,35,mat_1
Fermt2,35,mat_1
Rabac1,35,mat_1
Atp6v0b,35,mat_1
Il18,35,mat_1
Mt2,28,mat_1
S100a13,28,mat_1
Gnao1,28,mat_1
Arhgap5,28,mat_1
Fxyd1,28,mat_1
Sat1,28,mat_1
Rorb,28,mat_1
mt-Nd4l,28,mat_1
mt-Nd5,28,mat_1
Dtna,28,mat_1
mt-Nd1,28,mat_1
Tmem47,28,mat_1
Selenop,28,mat_1
Macf1,28,mat_1
Camk2n1,28,mat_1
Gria2,28,mat_1
Itm2c,28,mat_1
Ugp2,28,mat_1
Csrp1,28,mat_1
Fbxo2,28,mat_1
Smpdl3a,28,mat_1
Lsamp,28,mat_1
Acsbg1,28,mat_1
Prxl2a,28,mat_1
Dclk1,28,mat_1
Tmem59,28,mat_1
Hist1h2bc,28,mat_1
Lars2,28,mat_1
AY036118,28,mat_1
Dynlt3,11,mat_2
Sgce,11,mat_2
Bicd1,11,mat_2
Rnpc3,11,mat_2
3110056K07Rik,11,mat_2
Mir124-2hg,11,mat_2
4632427E13Rik,11,mat_2
Tjp1,11,mat_2
Ppp2r3a,11,mat_2
Tnrc6a,11,mat_2
Epb41l2,11,mat_2
Tmem60,11,mat_2
Crtc3,11,mat_2
Atxn2,11,mat_2
Soga3,11,mat_2
Fuom,11,mat_2
Lysmd2,11,mat_2
Nfe2l2,11,mat_2
Pnpla2,11,mat_2
1110051M20Rik,11,mat_2
Fahd2a,11,mat_2
Pfkl,11,mat_2
Upp1,11,mat_2
Porcn,11,mat_2
Syngr1,11,mat_2
Rfx3,11,mat_2
Dcaf8,11,mat_2
Tmem80,11,mat_2
Fam53b,11,mat_2
Akap8l,11,mat_2
Pisd,11,mat_2
Ttc19,11,mat_2
Trpc4ap,11,mat_2
Ddx3y,11,mat_2
Fam173a,11,mat_2
Tvp23b,11,mat_2
Hexa,11,mat_2
Rdh14,11,mat_2
Snap47,11,mat_2
Fahd1,11,mat_2
Abcb9,11,mat_2
Spns1,11,mat_2
Alkbh7,11,mat_2
Mro,11,mat_2
Apba2,11,mat_2
Pura,11,mat_2
Sybu,11,mat_2
Slc35a5,11,mat_2
Mbnl2,11,mat_2
Tpcn1,11,mat_2
Fam172a,11,mat_2
Klhl24,11,mat_2
Fasn,11,mat_2
Tmem44,11,mat_2
Acot13,11,mat_2
Ociad1,11,mat_2
Yif1a,11,mat_2
Xbp1,11,mat_2
Sft2d1,11,mat_2
Idh3b,11,mat_2
Tmem176a,11,mat_2
Gna13,11,mat_2
Stt3b,11,mat_2
Sypl,11,mat_2
Hey1,11,mat_2
Taf13,11,mat_2
Emc4,11,mat_2
Erp44,11,mat_2
Yipf5,11,mat_2
Vmp1,11,mat_2
Bcap31,11,mat_2
Lamtor5,11,mat_2
Mrpl34,11,mat_2
Smim10l1,11,mat_2
Slc50a1,11,mat_2
Akr7a5,11,mat_2
Mtln,11,mat_2
Nudt19,11,mat_2
Commd4,11,mat_2
Commd6,11,mat_2
Edf1,11,mat_2
Gadd45g,11,mat_2
Dpm2,11,mat_2
Ift20,11,mat_2
Praf2,11,mat_2
Smim12,11,mat_2
Tmem222,11,mat_2
Pex2,11,mat_2
Ndfip2,11,mat_2
Wdr1,11,mat_2
Med31,11,mat_2
Fnta,11,mat_2
Atp6v0d1,11,mat_2
Calr,11,mat_2
Lamtor3,11,mat_2
Ddx24,11,mat_2
Oxa1l,11,mat_2
Dnm1l,11,mat_2
Ptk2,11,mat_2
Slc16a2,11,mat_2
0610009B22Rik,11,mat_2
Slc25a11,11,mat_2
Ndufaf4,11,mat_2
Tmed3,11,mat_2
Copb1,11,mat_2
Nudcd3,11,mat_2
Zfand6,11,mat_2
Wdr33,11,mat_2
Tmem70,11,mat_2
Ift57,11,mat_2
Lman1,11,mat_2
Lfng,11,mat_2
Mat2a,11,mat_2
Galnt1,11,mat_2
Clcc1,11,mat_2
Adprh,11,mat_2
Yif1b,11,mat_2
Vdac2,11,mat_2
Cnih1,11,mat_2
Mrpl41,11,mat_2
Ube2b,11,mat_2
Txndc9,11,mat_2
Sdha,11,mat_2
Aph1a,11,mat_2
Tm7sf3,11,mat_2
Ppp6c,11,mat_2
Dld,11,mat_2
Idh3g,11,mat_2
Ubqln2,11,mat_2
Copb2,11,mat_2
Tpd52l2,11,mat_2
Tex261,11,mat_2
Cyp2d22,14,mat_2
Hsd17b11,14,mat_2
Tprkb,14,mat_2
Hopx,14,mat_2
Rmst,14,mat_2
Anxa5,14,mat_2
Gpld1,14,mat_2
Ogt,14,mat_2
Tmcc1,14,mat_2
Vcl,14,mat_2
Ifi27,14,mat_2
Clmn,14,mat_2
Gdf10,14,mat_2
Lgr4,14,mat_2
Nupr1,14,mat_2
Cryab,14,mat_2
Adk,14,mat_2
Naaa,14,mat_2
Mertk,14,mat_2
Omg,14,mat_2
Phkg1,14,mat_2
Thrsp,14,mat_2
Suclg1,14,mat_2
Sqstm1,14,mat_2
Hsd11b1,14,mat_2
Pfkp,14,mat_2
Mfsd2a,14,mat_2
Sdc2,14,mat_2
Hapln1,14,mat_2
Fgfr3,14,mat_2
Soat1,14,mat_2
Elovl5,14,mat_2
Slc15a2,14,mat_2
Sdf2,14,mat_2
Tpp1,14,mat_2
Ephx2,14,mat_2
Ctsf,14,mat_2
Lamp2,14,mat_2
Slc38a3,14,mat_2
Lmbrd1,14,mat_2
Glmp,14,mat_2
Paqr7,14,mat_2
Hspa2,14,mat_2
Phyh,14,mat_2
Leng8,14,mat_2
Syne1,14,mat_2
Gpam,14,mat_2
Scara3,14,mat_2
Tle4,14,mat_2
Gprc5b,14,mat_2
Gm6145,14,mat_2
Dst,14,mat_2
Daam2,14,mat_2
Rnaset2b,14,mat_2
Rnaset2a,14,mat_2
Slc7a11,14,mat_2
Kidins220,14,mat_2
AI413582,14,mat_2
4930402H24Rik,14,mat_2
Sptbn1,14,mat_2
Btg1,14,mat_2
Ctso,14,mat_2
Gm14964,14,mat_2
Tmbim4,14,mat_2
Pts,14,mat_2
Tex264,14,mat_2
Dtx3,14,mat_2
Ppp1r3g,14,mat_2
Yipf3,14,mat_2
Pbxip1,14,mat_2
Osbpl1a,14,mat_2
Eci1,14,mat_2
Srebf1,14,mat_2
Pfkm,14,mat_2
Nptn,14,mat_2
Hadhb,14,mat_2
Add3,14,mat_2
Slc41a1,14,mat_2
Slc2a1,14,mat_2
Chd9,14,mat_2
Ngef,14,mat_2
Slc7a2,14,mat_2
Smpd1,14,mat_2
Dnajb9,14,mat_2
Sirpa,14,mat_2
Slc25a33,14,mat_2
Fcgrt,14,mat_2
Tcn2,14,mat_2
Ndufb10,16,mat_2
Slc25a3,16,mat_2
Ndufs5,16,mat_2
Ndufb9,16,mat_2
Mbp,16,mat_2
Arglu1,16,mat_2
Tmco1,16,mat_2
Gapdh,16,mat_2
Mageh1,16,mat_2
Gpi1,16,mat_2
Micos13,16,mat_2
Tpi1,16,mat_2
Ndufa8,16,mat_2
Pigp,16,mat_2
Ndufa12,16,mat_2
Ndufb3,16,mat_2
Eno1,16,mat_2
Cox17,16,mat_2
Calm1,16,mat_2
Sod2,16,mat_2
Paip2,16,mat_2
Fth1,16,mat_2
Chchd2,16,mat_2
Eif1,16,mat_2
Rbm39,16,mat_2
Pgp,16,mat_2
Snrnp70,16,mat_2
Prpf4b,16,mat_2
Lmo4,16,mat_2
Clk1,16,mat_2
Rbm5,16,mat_2
Fbxo44,16,mat_2
Tnfsf12,16,mat_2
Ramp2,16,mat_2
Cd151,16,mat_2
Ctbs,16,mat_2
Atp6v0a1,16,mat_2
Ndp,16,mat_2
Sec14l2,16,mat_2
Lmf1,16,mat_2
Epdr1,16,mat_2
Pid1,16,mat_2
Fuca2,16,mat_2
Mink1,16,mat_2
4930488L21Rik,16,mat_2
Fezf2,16,mat_2
6430590A07Rik,16,mat_2
Chil1,16,mat_2
Lypd6,16,mat_2
Gstk1,16,mat_2
Btd,16,mat_2
Tmem246,16,mat_2
Tle1,16,mat_2
Tspan15,16,mat_2
Cox10,16,mat_2
Tef,16,mat_2
Prdm16os,16,mat_2
Snx32,16,mat_2
Ift27,16,mat_2
Mcur1,16,mat_2
Tmem109,16,mat_2
Churc1,16,mat_2
G0s2,16,mat_2
Mmgt2,16,mat_2
Laptm4b,16,mat_2
4933431E20Rik,16,mat_2
Mfn1,16,mat_2
Agl,16,mat_2
Negr1,16,mat_2
Maob,16,mat_2
Fam184a,16,mat_2
Hexb,16,mat_2
Derl2,16,mat_2
Gldc,16,mat_2
Ephx1,16,mat_2
Ankrd29,16,mat_2
Gm44257,16,mat_2
Serpinb1a,16,mat_2
Pacsin3,16,mat_2
Cers4,16,mat_2
Nr1d2,16,mat_2
Kalrn,16,mat_2
Zfp329,16,mat_2
Nkiras1,16,mat_2
Esco1,16,mat_2
Mttp,16,mat_2
Mapre2,16,mat_2
Acat3,16,mat_2
Fah,16,mat_2
Gm12326,16,mat_2
Elmo2,16,mat_2
1700047M11Rik,16,mat_2
Nat8,16,mat_2
Nphp3,16,mat_2
Tppp3,16,mat_2
Pygm,16,mat_2
Vwa1,16,mat_2
Eogt,16,mat_2
Ccdc190,16,mat_2
Gas6,16,mat_2
Gm40578,16,mat_2
Lmcd1,16,mat_2
Apc2,16,mat_2
Slc35f6,16,mat_2
Ncoa1,16,mat_2
Tmbim1,16,mat_2
Cmbl,16,mat_2
Manea,16,mat_2
Dock4,16,mat_2
Usp53,16,mat_2
Izumo4,16,mat_2
Nfat5,16,mat_2
Wnk2,16,mat_2
B930095G15Rik,16,mat_2
Pdk2,16,mat_2
Snx14,16,mat_2
Fgf1,16,mat_2
Capn2,16,mat_2
Abr,16,mat_2
Aifm3,16,mat_2
Matn4,16,mat_2
Gm2115,16,mat_2
Smim3,16,mat_2
Pfkfb4,16,mat_2
Cideb,16,mat_2
Plp1,16,mat_2
Sdsl,16,mat_2
Ass1,16,mat_2
Rcan2,16,mat_2
Chst10,16,mat_2
Fam228b,16,mat_2
Cyp4f13,16,mat_2
Gk,16,mat_2
Fmn2,16,mat_2
Fgd6,16,mat_2
Usp54,16,mat_2
Arhgef19,16,mat_2
Sik3,16,mat_2
Abhd14b,16,mat_2
Cd38,16,mat_2
Nat8f5,16,mat_2
Vamp8,16,mat_2
Mast4,16,mat_2
Emc9,16,mat_2
Tsc22d3,16,mat_2
Fgfr1,16,mat_2
Phlpp1,16,mat_2
Bmpr1b,16,mat_2
Sgip1,16,mat_2
Abcc5,16,mat_2
Tnik,16,mat_2
Por,16,mat_2
Dio2,16,mat_2
Acyp2,16,mat_2
Tank,16,mat_2
Dmd,16,mat_2
Arhgef12,16,mat_2
Eps15,16,mat_2
Ddhd1,16,mat_2
Sesn3,16,mat_2
Pitpnc1,16,mat_2
Trps1,16,mat_2
Xpr1,16,mat_2
Fnbp1,16,mat_2
Pdgfrb,16,mat_2
Frmd4a,16,mat_2
Ttc14,16,mat_2
Pdcd6,16,mat_2
Comt,16,mat_2
Atp6v1e1,16,mat_2
Mien1,16,mat_2
Lrp10,16,mat_2
Gsta4,16,mat_2
Dazap2,16,mat_2
Tmed10,16,mat_2
Tmem33,16,mat_2
Tm2d2,16,mat_2
Pttg1,16,mat_2
E130102H24Rik,16,mat_2
Trpm3,16,mat_2
Slc20a1,16,mat_2
Gpr146,16,mat_2
Lgi4,16,mat_2
Cyp4f14,16,mat_2
Hlf,16,mat_2
Hivep3,16,mat_2
Cox4i2,16,mat_2
Gm9925,16,mat_2
Cyp2j9,16,mat_2
1190005I06Rik,16,mat_2
Pik3ip1,16,mat_2
Caskin1,16,mat_2
Slc48a1,16,mat_2
Per3,16,mat_2
Rarres2,16,mat_2
Cd302,16,mat_2
Ginm1,16,mat_2
Mgat5,16,mat_2
Fam20a,16,mat_2
Npc1,16,mat_2
Kcna2,16,mat_2
Ifngr1,16,mat_2
Epas1,16,mat_2
B3galt1,16,mat_2
Cry2,16,mat_2
Cyp7b1,16,mat_2
Pcdh9,16,mat_2
Tmem106b,16,mat_2
Adora2b,16,mat_2
Igsf11,16,mat_2
Add1,16,mat_2
Tcf7l2,16,mat_2
Lhx2,16,mat_2
Rb1,16,mat_2
Ppp1r1b,16,mat_2
Il33,16,mat_2
Tuba4a,16,mat_2
Neat1,16,mat_2
Washc2,16,mat_2
Gpr162,16,mat_2
Crlf3,16,mat_2
Gpr37,16,mat_2
Kirrel2,16,mat_2
Cgrrf1,16,mat_2
Efcab14,16,mat_2
Dhrs3,16,mat_2
Mfap3l,16,mat_2
Apln,16,mat_2
St3gal4,16,mat_2
Rpe65,16,mat_2
Pde8b,16,mat_2
Col11a2,16,mat_2
Aldh1a1,16,mat_2
Glrb,16,mat_2
Sod3,16,mat_2
Efemp1,16,mat_2
Cyp4f15,16,mat_2
Nr1d1,16,mat_2
Kcnn2,16,mat_2
Wasf3,16,mat_2
Eps8,16,mat_2
Mt1,27,mat_2
Atp1a2,27,mat_2
Plpp3,27,mat_2
Glul,27,mat_2
Prdx6,27,mat_2
Btbd17,27,mat_2
Cxcl14,27,mat_2
Htra1,27,mat_2
Gja1,27,mat_2
Scg3,27,mat_2
Pla2g7,27,mat_2
Prnp,27,mat_2
S1pr1,27,mat_2
Ntsr2,27,mat_2
Acsl3,27,mat_2
F3,27,mat_2
Gpr37l1,27,mat_2
Cldn10,27,mat_2
Pmp22,8,mat_2
Tagln3,8,mat_2
Ank2,8,mat_2
Tlr3,8,mat_2
Oaf,8,mat_2
Wls,8,mat_2
Lcat,8,mat_2
Grin2c,8,mat_2
Prdx1,8,mat_2
2900052N01Rik,8,mat_2
mt-Atp8,8,mat_2
Gabrb1,8,mat_2
Dbp,8,mat_2
Prodh,8,mat_2
Agpat5,8,mat_2
Appl2,8,mat_2
Gpc5,8,mat_2
Bmyc,8,mat_2
Rida,8,mat_2
Eva1a,8,mat_2
Lix1,8,mat_2
Cntfr,8,mat_2
Cystm1,8,mat_2
Slc39a12,8,mat_2
Cadm1,8,mat_2
Gjb6,8,mat_2
Prex2,8,mat_2
Fam107a,8,mat_2
Malat1,46,mat_2
Ubc,46,mat_2
mt-Nd3,46,mat_2
S100b,46,mat_2
Id4,46,mat_2
Nat8f1,46,mat_2
Dhrs7,46,mat_2
Grina,46,mat_2
Slco1c1,46,mat_2
Cmtm5,46,mat_2
Kcnk1,46,mat_2
Aplp1,46,mat_2
Acsl6,46,mat_2
